{"cameraMode":{"drawMode":0,"name":"Shaded","section":"Shading Mode"},"sceneLighting":true,"audioPlay":false,"sceneViewState":{"showFog":true,"showMaterialUpdate":false,"showSkybox":true,"showFlares":true,"showImageEffects":true,"showParticleSystems":true},"in2DMode":false,"pivot":{"x":0.4757416248321533,"y":1.4451501369476319,"z":0.2204163670539856},"rotation":{"x":0.1448897421360016,"y":-0.07382857799530029,"z":0.010840966366231442,"w":0.9866376519203186},"size":14.273283958435059,"orthographic":false}